fetched_at,market,dailyVolume,dailyVolumeBase,openInterest,fundingRate,lastPrice,bidPrice,askPrice,markPrice,indexPrice
2025-09-04T11:25:31.179234Z,1000000MOG-USD,0,0,0,0.000013,0,0,0,1.4620681185,1.4592677965
2025-09-05T06:15:02.592138Z,1000000MOG-USD,0,0,0,0.000013,0,0,0,1.4620681185,1.4592677965
2025-09-06T06:12:50.906414Z,1000000MOG-USD,0,0,0,0.000013,0,0,0,1.4620681185,1.4592677965
2025-09-07T06:12:48.997065Z,1000000MOG-USD,0,0,0,0.000013,0,0,0,1.4620681185,1.4592677965
2025-09-08T06:16:08.755601Z,1000000MOG-USD,0,0,0,0.000013,0,0,0,1.4620681185,1.4592677965
2025-09-09T06:15:33.400607Z,1000000MOG-USD,0,0,0,0.000013,0,0,0,1.4620681185,1.4592677965
2025-09-10T06:15:15.837301Z,1000000MOG-USD,0,0,0,0.000013,0,0,0,1.4620681185,1.4592677965
2025-09-04T10:49:51.353156Z,1000BONK-USD,0.000000,0,2683.975077,0.000013,,,,,
2025-09-04T11:25:31.179234Z,1000BONK-USD,181213.658160,8941870,236995.930351,0.000013,0.019814,0.019814,0.019819,0.019800399386,0.019814999999
2025-09-05T06:15:02.592138Z,1000BONK-USD,329961.109932,16940826,260149.038313,0.000013,0.019601,0.019588,0.019596,0.019584262424,0.019594999999
2025-09-06T06:12:50.906414Z,1000BONK-USD,701432.511232,34727578,244489.797141,0.000013,0.020000,0.020022,0.020028,0.020006899775,0.020015
2025-09-07T06:12:48.997065Z,1000BONK-USD,99792.548200,4983000,256211.897932,0.000013,0.020352,0.020317,0.020321,0.020316769718,0.020306269062
2025-09-08T06:16:08.755601Z,1000BONK-USD,486979.055200,22997800,303723.606348,0.000013,0.021257,0.021289,0.021301,0.021278499999,0.021275
2025-09-09T06:15:33.400607Z,1000BONK-USD,854213.040200,38187600,272035.994306,0.000013,0.023516,0.0235,0.02351,0.023470142794,0.023482889277
2025-09-10T06:15:15.837301Z,1000BONK-USD,645360.223024,27627536,311890.055271,0.000013,0.022723,0.022733,0.022742,0.022722931912,0.0227189208
2025-09-04T10:49:51.353229Z,1000PEPE-USD,0.000000,0,52203.054258,0.000013,,,,,
2025-09-04T11:25:31.179234Z,1000PEPE-USD,382482.561406,38978078,230868.375777,0.000013,0.009621,0.009622,0.009623,0.009613542443,0.0096198082
2025-09-05T06:15:02.592138Z,1000PEPE-USD,222731.120046,23444210,249740.264403,0.000013,0.009557,0.009557,0.009558,0.009547333046,0.009549
2025-09-06T06:12:50.906414Z,1000PEPE-USD,562885.699896,57877816,223226.929081,0.000013,0.009673,0.009674,0.009675,0.009663711758,0.0096655
2025-09-07T06:12:48.997065Z,1000PEPE-USD,82080.236000,8511000,222494.919480,0.000013,0.009798,0.00979,0.009791,0.009786405158,0.009785611562
2025-09-08T06:16:08.755601Z,1000PEPE-USD,127552.911400,12876600,241348.567245,0.000013,0.010011,0.01001,0.010011,0.010008274852,0.010005
2025-09-09T06:15:33.400607Z,1000PEPE-USD,327341.824200,32090400,223143.931836,0.000023,0.010433,0.010448,0.01045,0.010448817935,0.0104394587795
2025-09-10T06:15:15.837301Z,1000PEPE-USD,376243.034800,35790972,235559.952968,0.000013,0.010359,0.010369,0.01037,0.010362240937,0.010364507662
2025-09-04T10:49:51.353146Z,1000SHIB-USD,0.000000,0,10993.448249,0.000013,,,,,
2025-09-04T11:25:31.179234Z,1000SHIB-USD,15494.895332,1244948,42479.387979,0.000013,0.012235,0.012224,0.012231,0.012222096643,0.012227934
2025-09-05T06:15:02.592138Z,1000SHIB-USD,23629.039702,1950190,52083.347101,0.000013,0.012184,0.012185,0.012193,0.012179626511,0.012186005262
2025-09-06T06:12:50.906414Z,1000SHIB-USD,126522.184060,10314020,39203.594020,0.000013,0.012368,0.012309,0.012313,0.012304130865,0.012304446275
2025-09-07T06:12:48.997065Z,1000SHIB-USD,12323.291200,1006800,41057.177916,0.000013,0.012377,0.012397,0.012403,0.012394522463,0.012395774687
2025-09-08T06:16:08.755601Z,1000SHIB-USD,9185.883200,738400,41561.088365,0.000013,0.012521,0.012514,0.012519,0.012514155851,0.012515
2025-09-09T06:15:33.400607Z,1000SHIB-USD,25729.408000,2017400,48648.586284,0.000013,0.012919,0.012942,0.012947,0.012938405624,0.012940517599
2025-09-10T06:15:15.837301Z,1000SHIB-USD,32542.234688,2503908,48805.491848,0.000013,0.012905,0.012903,0.01291,0.012902951601,0.012894387487
2025-09-04T10:49:51.353167Z,AAVE-USD,0.000000,0.00,6520.035246,0.000013,,,,,
2025-09-04T11:25:31.179234Z,AAVE-USD,2815306.581800,8627.48,1248153.289513,0.000013,324.06,324.01,324.07,323.8827132,324.0927636
2025-09-05T06:15:02.592138Z,AAVE-USD,1111995.498200,3535.04,1187078.251628,0.000013,308.48,308.45,308.5,308.232738449999,308.3704384625
2025-09-06T06:12:50.906414Z,AAVE-USD,944456.168800,3086.02,1176983.673030,0.000013,301.69,301.91,301.95,301.7009487,301.841416525
2025-09-07T06:12:48.997065Z,AAVE-USD,86120.411400,286.62,1202827.178156,0.000013,302.25,302.05,302.09,301.909905512499,302.0138746875
2025-09-08T06:16:08.755601Z,AAVE-USD,307920.410800,1018.94,1184984.510550,0.000013,300.28,300.28,300.34,299.707752174999,300.264999999999
2025-09-09T06:15:33.400607Z,AAVE-USD,2216747.248400,7253.22,1829341.368208,0.000013,304.75,304.37,304.41,304.0955250625,304.337172999999
2025-09-10T06:15:15.837301Z,AAVE-USD,1825445.976000,5954.22,1654224.426813,0.000013,296.21,296.34,296.39,296.098337637499,296.3009250375
2025-09-04T10:49:51.353189Z,ADA-USD,0.000000,0,4607.201256,0.000013,,,,,
2025-09-04T11:25:31.179234Z,ADA-USD,61993.628600,74562,94904.170251,0.000013,0.8195,0.8199,0.8203,0.819524111874,0.820246812
2025-09-05T06:15:02.592138Z,ADA-USD,65369.425800,80310,99004.887505,0.000013,0.8170,0.8166,0.817,0.816225493875,0.816629932687
2025-09-06T06:12:50.906414Z,ADA-USD,198181.614400,236694,126144.994654,0.000013,0.8254,0.8252,0.8255,0.824423205375,0.825170932651
2025-09-07T06:12:48.997065Z,ADA-USD,62851.456800,76532,143271.203461,0.000013,0.8289,0.8288,0.8291,0.828626640875,0.828799546734
2025-09-08T06:16:08.755601Z,ADA-USD,75001.090400,89850,152472.705985,0.000013,0.8348,0.8355,0.836,0.834927038875,0.83551275
2025-09-09T06:15:33.400607Z,ADA-USD,286841.079000,333316,137602.968330,0.000013,0.8794,0.8781,0.8783,0.878791740624,0.8778610569995
2025-09-10T06:15:15.837301Z,ADA-USD,153930.196000,175182,132374.784851,0.000013,0.8720,0.8717,0.8721,0.870932581,0.871379303062
2025-09-04T11:25:31.179234Z,APT-USD,63599.272540,14604.6,69304.365049,0.000013,4.3016,4.2974,4.3016,4.296612836249,4.29953164
2025-09-05T06:15:02.592138Z,APT-USD,187664.248980,43927.2,28199.504443,0.000013,4.2849,4.285,4.2891,4.283946228375,4.28685363625
2025-09-06T06:12:50.906414Z,APT-USD,85560.750440,19864.2,42624.056473,0.000013,4.2233,4.22,4.2218,4.216362963749,4.2183101675
2025-09-07T06:12:48.997065Z,APT-USD,179808.468000,42765.8,51856.587836,0.000013,4.2591,4.2524,4.2537,4.250400629125,4.25176571875
2025-09-08T06:16:08.755601Z,APT-USD,22426.452400,5243.4,48172.905935,0.000013,4.3082,4.3118,4.3139,4.308153064375,4.310499999999
2025-09-09T06:15:33.400607Z,APT-USD,165735.966920,38135.8,83819.662596,0.000013,4.4876,4.4924,4.4955,4.488431484249,4.491679659999
2025-09-10T06:15:15.837301Z,APT-USD,38257.843420,8629.0,78690.913400,0.000013,4.3849,4.3854,4.3886,4.383162335,4.383291783749
2025-09-04T10:49:51.353205Z,ARB-USD,0.000000,0,5811.180104,0.000013,,,,,
2025-09-04T11:25:31.179234Z,ARB-USD,2518216.866200,5032154,693992.526957,0.000013,0.4999,0.4994,0.4998,0.499166029125,0.499669892
2025-09-05T06:15:02.592138Z,ARB-USD,1035664.523200,2087930,702037.392218,0.000013,0.4883,0.4884,0.4887,0.488098804999,0.488590305374
2025-09-06T06:12:50.906414Z,ARB-USD,903273.334200,1812676,750505.960472,0.000013,0.4911,0.4914,0.4916,0.49083282025,0.49132788925
2025-09-07T06:12:48.997065Z,ARB-USD,157937.787200,322200,780815.328451,0.000013,0.4969,0.4968,0.4971,0.496790981875,0.496781046875
2025-09-08T06:16:08.755601Z,ARB-USD,550278.359000,1113062,715934.441550,0.000013,0.4924,0.4928,0.493,0.491846311124,0.4927
2025-09-09T06:15:33.400607Z,ARB-USD,7886077.420000,15661904,641498.553582,0.000013,0.5257,0.5253,0.5256,0.524839359999,0.525271009999
2025-09-10T06:15:15.837301Z,ARB-USD,3236749.317400,6118268,1032219.082051,0.000013,0.5021,0.5017,0.5021,0.5014774325,0.501726166875
2025-09-04T10:49:51.353182Z,ATOM-USD,0,0,0,0.000013,,,,,
2025-09-04T11:25:31.179234Z,ATOM-USD,0,0,0,0.000013,0,0,0,0,0
2025-09-05T06:15:02.592138Z,ATOM-USD,0,0,0,0.000013,0,0,0,0,0
2025-09-06T06:12:50.906414Z,ATOM-USD,0,0,0,0.000013,0,0,0,0,0
2025-09-07T06:12:48.997065Z,ATOM-USD,0,0,0,0.000013,0,0,0,0,0
2025-09-08T06:16:08.755601Z,ATOM-USD,0,0,0,0.000013,0,0,0,0,0
2025-09-09T06:15:33.400607Z,ATOM-USD,0,0,0,0.000013,0,0,0,0,0
2025-09-10T06:15:15.837301Z,ATOM-USD,0,0,0,0.000013,0,0,0,0,0
2025-09-04T10:49:51.353137Z,AVAX-USD,0.000000,0.00,904.200434,0.000013,,,,,
2025-09-04T11:25:31.179234Z,AVAX-USD,195493.537400,7743.8,1257608.557633,0.000013,24.741,24.708,24.722,24.6884238,24.7009268
2025-09-05T06:15:02.592138Z,AVAX-USD,319443.853200,13041.0,1500220.792921,0.000013,24.458,24.468,24.469,24.430698564999,24.442516341249
2025-09-06T06:12:50.906414Z,AVAX-USD,185407.488800,7497.6,1514148.298555,0.000013,24.232,24.263,24.267,24.2226521775,24.251408637499
2025-09-07T06:12:48.997065Z,AVAX-USD,15571.103800,638.0,1547048.222225,0.000013,24.733,24.725,24.734,24.70478498125,24.7065440625
2025-09-08T06:16:08.755601Z,AVAX-USD,182126.570800,7402.8,1576483.430725,0.000038,24.678,24.666,24.674,24.63994558875,24.649999999999
2025-09-09T06:15:33.400607Z,AVAX-USD,327389.894600,12929.2,1623793.085560,0.000013,25.553,25.578,25.588,25.569289725,25.569522739999
2025-09-10T06:15:15.837301Z,AVAX-USD,1447454.076200,55598.4,1601607.451613,0.000055,26.378,26.355,26.357,26.3408414625,26.325249491249
2025-09-04T10:49:51.353245Z,BCH-USD,0,0,0,0.000013,,,,,
2025-09-04T11:25:31.179234Z,BCH-USD,0,0,0,0.000013,0,0,0,0,0
2025-09-05T06:15:02.592138Z,BCH-USD,0,0,0,0.000013,0,0,0,0,0
2025-09-06T06:12:50.906414Z,BCH-USD,0,0,0,0.000013,0,0,0,0,0
2025-09-07T06:12:48.997065Z,BCH-USD,0,0,0,0.000013,0,0,0,0,0
2025-09-08T06:16:08.755601Z,BCH-USD,0,0,0,0.000013,0,0,0,0,0
2025-09-09T06:15:33.400607Z,BCH-USD,0,0,0,0.000013,0,0,0,0,0
2025-09-10T06:15:15.837301Z,BCH-USD,0,0,0,0.000013,0,0,0,0,0
2025-09-04T10:49:51.353242Z,BERA-USD,0.000000,0.0,6108.313418,-0.000091,,,,,
2025-09-04T11:25:31.179234Z,BERA-USD,536048.022000,234534,428967.023383,0.000013,2.2093,2.2091,2.2105,2.20953016,2.21203076
2025-09-05T06:15:02.592138Z,BERA-USD,977140.917600,435578,550724.941987,-0.000002,2.2901,2.2896,2.2897,2.287728749999,2.28968888375
2025-09-06T06:12:50.906414Z,BERA-USD,922133.294200,400980,470780.772096,0.000013,2.3156,2.3126,2.3136,2.3134190275,2.314295852
2025-09-07T06:12:48.997065Z,BERA-USD,469048.445400,204178,571149.644842,0.000005,2.3163,2.3149,2.3156,2.314708304999,2.31664478125
2025-09-08T06:16:08.755601Z,BERA-USD,561036.762400,246826,567218.398065,-0.000004,2.2405,2.2383,2.2392,2.23943841375,2.2415
2025-09-09T06:15:33.400607Z,BERA-USD,1217593.926600,522504,537806.566402,-0.000019,2.3718,2.3708,2.371,2.371594859999,2.373594939999
2025-09-10T06:15:15.837301Z,BERA-USD,621803.260200,263512,493306.417031,0.000013,2.3226,2.3218,2.3227,2.3214419625,2.322939655125
2025-09-04T10:49:51.353147Z,BNB-USD,0.000000,0.000,20177.462686,0.000013,,,,,
2025-09-04T11:25:31.179234Z,BNB-USD,415472.067420,485.612,1675077.395322,0.000013,849.25,848.99,849.12,848.630295625,849.028718
2025-09-05T06:15:02.592138Z,BNB-USD,464738.301840,550.046,1626008.086758,0.000013,846.19,846.29,846.52,846.0261355,846.424824287499
2025-09-06T06:12:50.906414Z,BNB-USD,1254014.159180,1476.096,1456004.915142,0.000013,855.94,855.84,855.95,856.024318499999,856.211468749999
2025-09-07T06:12:48.997065Z,BNB-USD,671565.736320,782.608,1541410.533685,0.000013,866.91,866.83,866.91,866.910679499999,867.3692071875
2025-09-08T06:16:08.755601Z,BNB-USD,391092.803820,447.136,1612887.953814,-0.000012,872.40,872.04,872.38,872.7153634625,872.95
2025-09-09T06:15:33.400607Z,BNB-USD,856377.482420,976.646,1684620.187700,-0.000011,878.97,878.99,879,879.322538124999,879.850192599999
2025-09-10T06:15:15.837301Z,BNB-USD,395442.918420,449.720,1790832.503468,0.000013,880.78,880.58,880.68,880.827978749999,880.908154875
2025-09-04T10:49:51.353180Z,BTC-USD,0.000000,0.00000,587502.213031,0.000013,,,,,
2025-09-04T11:25:31.179234Z,BTC-USD,14346594.403100,128.26582,5018473.624925,0.000013,110971,110970,110971,110857.868463250022,110939.269036000026
2025-09-05T06:15:02.592138Z,BTC-USD,10028079.662280,90.66282,4803554.490097,0.000013,111616,111647,111648,111559.98949549999,111609.201999587487
2025-09-06T06:12:50.906414Z,BTC-USD,14980904.652000,134.33262,4543374.063289,0.000013,110800,110778,110779,110666.679900000002,110718.967422250003
2025-09-07T06:12:48.997065Z,BTC-USD,11248674.970400,101.69156,4563044.506218,0.000013,110665,110665.0,110666,110556.009318750002,110601.727175937514
2025-09-08T06:16:08.755601Z,BTC-USD,20356592.141020,183.15504,4837341.420193,0.000013,110999,110999,111000.0,110886.650533250009,110958.174999999988
2025-09-09T06:15:33.400607Z,BTC-USD,25747717.902300,229.69348,4385826.297077,0.000013,112870,112865.0,112866,112776.734289375002,112769.060581999976
2025-09-10T06:15:15.837301Z,BTC-USD,32530646.345280,290.84798,4626880.047704,0.000013,111565,111564,111565,111437.971195999998,111486.739128337503
2025-09-04T11:25:31.179234Z,CRV-USD,198962.349420,255350,115439.481228,0.000013,0.76437,0.7647,0.76537,0.764783504,0.765333636
2025-09-05T06:15:02.592138Z,CRV-USD,201085.348400,267260,106007.422009,0.000013,0.75069,0.75069,0.75136,0.750367526999,0.750911945125
2025-09-06T06:12:50.906414Z,CRV-USD,8753964.777600,11527284,86105.359207,0.000013,0.75118,0.75177,0.75187,0.7514736975,0.75181616675
2025-09-07T06:12:48.997065Z,CRV-USD,7532132.600540,9887848,90261.479958,0.000013,0.77420,0.7742,0.77421,0.774563896249,0.773798359375
2025-09-08T06:16:08.755601Z,CRV-USD,8948.006040,11644,89597.956001,0.000013,0.76914,0.76659,0.76718,0.765532775125,0.76675
2025-09-09T06:15:33.400607Z,CRV-USD,697770.279580,886944,137534.088143,0.000013,0.80694,0.80712,0.80733,0.808282329999,0.807199999999
2025-09-10T06:15:15.837301Z,CRV-USD,530068.870960,659692,150856.243658,0.000013,0.78172,0.78082,0.78116,0.780732433125,0.780812909625
2025-09-04T10:49:51.353154Z,DOGE-USD,0.000000,0,58016.060592,0.000013,,,,,
2025-09-04T11:25:31.179234Z,DOGE-USD,97459.419400,448984,281553.067815,0.000013,0.21621,0.21616,0.21623,0.216030896812,0.21621
2025-09-05T06:15:02.592138Z,DOGE-USD,40490.322400,189484,283045.527439,0.000013,0.21427,0.21425,0.21436,0.214134805637,0.214224999999
2025-09-06T06:12:50.906414Z,DOGE-USD,475074.585520,2179908,271803.569497,0.000013,0.21570,0.21573,0.21581,0.215578532449,0.215725291925
2025-09-07T06:12:48.997065Z,DOGE-USD,42683.782800,199120,270115.513841,0.000013,0.21713,0.21721,0.21727,0.217132911987,0.217198574062
2025-09-08T06:16:08.755601Z,DOGE-USD,170088.296600,754560,335407.704584,0.000013,0.23181,0.23194,0.23198,0.231818624812,0.231899999999
2025-09-09T06:15:33.400607Z,DOGE-USD,389823.191600,1643520,327460.626750,0.000013,0.23949,0.23928,0.23952,0.239464578199,0.239294571399
2025-09-10T06:15:15.837301Z,DOGE-USD,530354.365200,2183600,271504.103359,0.000013,0.23893,0.2387,0.23879,0.2385402291,0.238653663412
2025-09-04T10:49:51.353228Z,DOT-USD,0,0,0,0.000013,,,,,
2025-09-04T11:25:31.179234Z,DOT-USD,0,0,0,0.000013,0,0,0,0,0
2025-09-05T06:15:02.592138Z,DOT-USD,0,0,0,0.000013,0,0,0,0,0
2025-09-06T06:12:50.906414Z,DOT-USD,0,0,0,0.000013,0,0,0,0,0
2025-09-07T06:12:48.997065Z,DOT-USD,0,0,0,0.000013,0,0,0,0,0
2025-09-08T06:16:08.755601Z,DOT-USD,0,0,0,0.000013,0,0,0,0,0
2025-09-09T06:15:33.400607Z,DOT-USD,0,0,0,0.000013,0,0,0,0,0
2025-09-10T06:15:15.837301Z,DOT-USD,0,0,0,0.000013,0,0,0,0,0
2025-09-04T10:49:51.353102Z,ENA-USD,0.000000,0,16438.589961,0.000013,,,,,
2025-09-04T11:25:31.179234Z,ENA-USD,4604491.547640,6327304,859649.046293,0.000013,0.70270,0.70329,0.70336,0.702623856375,0.703118708
2025-09-05T06:15:02.592138Z,ENA-USD,1486155.164920,2211126,871353.358444,0.000013,0.65449,0.65374,0.65393,0.653508810499,0.653903942625
2025-09-06T06:12:50.906414Z,ENA-USD,6252547.803320,8809784,1423822.226550,0.000013,0.73418,0.73511,0.73535,0.734227972499,0.73481693175
2025-09-07T06:12:48.997065Z,ENA-USD,2284853.634000,3097220,1151728.509333,0.000013,0.73986,0.73941,0.73946,0.738996184375,0.739396209375
2025-09-08T06:16:08.755601Z,ENA-USD,1415200.916600,1906440,1071014.380343,0.000013,0.76195,0.76164,0.76171,0.76193857075,0.76175
2025-09-09T06:15:33.400607Z,ENA-USD,6029820.688240,7774584,857167.171502,0.000013,0.80232,0.80362,0.80377,0.8040062765,0.803482137999
2025-09-10T06:15:15.837301Z,ENA-USD,3847606.227720,4657976,1025993.295730,0.000013,0.80165,0.80197,0.80206,0.801515934124,0.801811912124
2025-09-04T10:49:51.353161Z,ETC-USD,0,0,0,0.000013,,,,,
2025-09-04T11:25:31.179234Z,ETC-USD,0,0,0,0.000013,0,0,0,0,0
2025-09-05T06:15:02.592138Z,ETC-USD,0,0,0,0.000013,0,0,0,0,0
2025-09-06T06:12:50.906414Z,ETC-USD,0,0,0,0.000013,0,0,0,0,0
2025-09-07T06:12:48.997065Z,ETC-USD,0,0,0,0.000013,0,0,0,0,0
2025-09-08T06:16:08.755601Z,ETC-USD,0,0,0,0.000013,0,0,0,0,0
2025-09-09T06:15:33.400607Z,ETC-USD,0,0,0,0.000013,0,0,0,0,0
2025-09-10T06:15:15.837301Z,ETC-USD,0,0,0,0.000013,0,0,0,0,0
2025-09-04T10:49:51.353217Z,ETH-USD,0.000000,0.0000,122357.263317,0.000013,,,,,
2025-09-04T11:25:31.179234Z,ETH-USD,11973950.249600,2704.068,6914086.297706,0.000013,4417.9,4419.5,4419.6,4416.484702000001,4419.090327200001
2025-09-05T06:15:02.592138Z,ETH-USD,13044609.070600,3005.658,6683036.048111,0.000013,4338.1,4338.4,4338.5,4333.9883555,4336.872762487499
2025-09-06T06:12:50.906414Z,ETH-USD,18427787.751600,4246.454,7230384.038011,0.000013,4301.2,4301.3,4301.4,4296.225368137499,4300.0482433625
2025-09-07T06:12:48.997065Z,ETH-USD,13593505.464400,3169.994,7371087.118212,0.000013,4295.1,4295.2,4295.3,4291.349007087499,4292.409131406249
2025-09-08T06:16:08.755601Z,ETH-USD,19108895.317800,4444.050,7566162.743420,0.000013,4296.7,4296.8,4296.9,4292.604999999999,4294.68
2025-09-09T06:15:33.400607Z,ETH-USD,27461285.834000,6350.566,6629757.034625,0.000013,4347.8,4347.6,4347.7,4341.898058337499,4346.083836399999
2025-09-10T06:15:15.837301Z,ETH-USD,23125661.061200,5347.864,6821929.357684,0.000013,4301.4,4301.3,4301.4,4297.549047299999,4299.297886281249
2025-09-04T10:49:51.353123Z,EUR-USD,11179.445400,9592,69965.570080,0.000013,,,,,
2025-09-04T11:25:31.179234Z,EUR-USD,126937.873220,108774,3893334.741082,0.000013,1.16380,1.16383,1.16414,1.1642925,1.164335
2025-09-05T06:15:02.592138Z,EUR-USD,155781.715500,133800,3904120.302660,0.000013,1.16664,1.16616,1.16659,1.16706,1.1669925
2025-09-06T06:12:50.906414Z,EUR-USD,1441514.490160,1228662,4273732.238825,0.000013,1.16919,1.16919,1.17459,1.171975,1.171975
2025-09-07T06:12:48.997065Z,EUR-USD,363.636900,310,4273884.595575,0.000013,1.16919,1.16861,1.1742,1.171975,1.171975
2025-09-08T06:16:08.755601Z,EUR-USD,234102.147120,199982,4473690.366390,0.000013,1.17109,1.17133,1.17164,1.17223,1.17219
2025-09-09T06:15:33.400607Z,EUR-USD,7556036.260400,6431370,3854690.144812,0.000013,1.17739,1.17701,1.17731,1.1773875,1.17739
2025-09-10T06:15:15.837301Z,EUR-USD,1414057.479160,1207490,4178857.619835,0.000013,1.17149,1.17105,1.17136,1.171455,1.17142375
2025-09-04T10:49:51.353224Z,FARTCOIN-USD,35542.410220,44030,84700.034520,0.000013,,,,,
2025-09-04T11:25:31.179234Z,FARTCOIN-USD,1447793.395480,1829578,456205.813309,0.000013,0.76773,0.76612,0.76614,0.7657260765,0.766
2025-09-05T06:15:02.592138Z,FARTCOIN-USD,1786498.538180,2370658,519166.490479,0.000013,0.75276,0.75254,0.75255,0.752517720499,0.752499999999
2025-09-06T06:12:50.906414Z,FARTCOIN-USD,2627775.087980,3502612,540581.702662,0.000013,0.73844,0.73893,0.73894,0.7385278435,0.738766754
2025-09-07T06:12:48.997065Z,FARTCOIN-USD,176012.032940,239960,543370.843196,0.000013,0.73859,0.73809,0.7381,0.738010880874,0.737496090625
2025-09-08T06:16:08.755601Z,FARTCOIN-USD,1140989.637200,1501078,544295.881165,0.000029,0.75992,0.76006,0.76007,0.760034799,0.759435
2025-09-09T06:15:33.400607Z,FARTCOIN-USD,2796138.402300,3438568,906200.192657,0.000013,0.84178,0.84006,0.84024,0.840183605999,0.840378613799
2025-09-10T06:15:15.837301Z,FARTCOIN-USD,1856971.547500,2225200,838501.273444,0.000070,0.83558,0.83638,0.83641,0.83672908125,0.8353603185
2025-09-04T10:49:51.353197Z,FIL-USD,0,0,0,0.000013,,,,,
2025-09-04T11:25:31.179234Z,FIL-USD,0,0,0,0.000013,0,0,0,0,0
2025-09-05T06:15:02.592138Z,FIL-USD,0,0,0,0.000013,0,0,0,0,0
2025-09-06T06:12:50.906414Z,FIL-USD,0,0,0,0.000013,0,0,0,0,0
2025-09-07T06:12:48.997065Z,FIL-USD,0,0,0,0.000013,0,0,0,0,0
2025-09-08T06:16:08.755601Z,FIL-USD,0,0,0,0.000013,0,0,0,0,0
2025-09-09T06:15:33.400607Z,FIL-USD,0,0,0,0.000013,0,0,0,0,0
2025-09-10T06:15:15.837301Z,FIL-USD,0,0,0,0.000013,0,0,0,0,0
2025-09-04T10:49:51.353196Z,FTM-USD,0.000000,0,0,0.000013,,,,,
2025-09-04T11:25:31.179234Z,FTM-USD,0,0,0,0.000013,0,0,0,0,0
2025-09-05T06:15:02.592138Z,FTM-USD,0,0,0,0.000013,0,0,0,0,0
2025-09-06T06:12:50.906414Z,FTM-USD,0,0,0,0.000013,0,0,0,0,0
2025-09-07T06:12:48.997065Z,FTM-USD,0,0,0,0.000013,0,0,0,0,0
2025-09-08T06:16:08.755601Z,FTM-USD,0,0,0,0.000013,0,0,0,0,0
2025-09-09T06:15:33.400607Z,FTM-USD,0,0,0,0.000013,0,0,0,0,0
2025-09-10T06:15:15.837301Z,FTM-USD,0,0,0,0.000013,0,0,0,0,0
2025-09-04T10:49:51.353135Z,GOAT-USD,0.000000,0,30.732945,0.000013,,,,,
2025-09-04T11:25:31.179234Z,GOAT-USD,165018.793640,1985504,106246.257412,0.000013,0.08116,0.08121,0.08124,0.081082226312,0.0811794784
2025-09-05T06:15:02.592138Z,GOAT-USD,50369.888320,635532,131141.024211,0.000013,0.08100,0.08096,0.081,0.0809130905,0.080931676312
2025-09-06T06:12:50.906414Z,GOAT-USD,462216.387100,5607630,133448.320405,0.000013,0.08184,0.08206,0.08209,0.08198713035,0.08204630775
2025-09-07T06:12:48.997065Z,GOAT-USD,83633.747800,1021400,79148.018562,0.000013,0.08370,0.08358,0.08364,0.08358522375,0.083600224687
2025-09-08T06:16:08.755601Z,GOAT-USD,265697.683400,3139660,83442.111750,0.000013,0.08452,0.08461,0.08467,0.084625,0.0846
2025-09-09T06:15:33.400607Z,GOAT-USD,1238356.449400,12926440,77783.101199,0.000013,0.10189,0.10185,0.1019,0.102044081599,0.101944077599
2025-09-10T06:15:15.837301Z,GOAT-USD,718903.920720,7135842,76980.398030,0.000013,0.09355,0.0939,0.09394,0.093913121699,0.093925538325
2025-09-04T10:49:51.353231Z,GRASS-USD,0.000000,0,81137.163588,0.000013,,,,,
2025-09-04T11:25:31.179234Z,GRASS-USD,543870.163600,746158,890870.009131,-0.000065,0.7137,0.7131,0.7136,0.713915946875,0.71442142
2025-09-05T06:15:02.592138Z,GRASS-USD,496660.307200,705546,978030.454650,-0.000052,0.7077,0.7074,0.7078,0.707665453,0.708408438875
2025-09-06T06:12:50.906414Z,GRASS-USD,688195.375400,961710,817435.575996,0.000013,0.7068,0.7072,0.7075,0.707028788499,0.707568158
2025-09-07T06:12:48.997065Z,GRASS-USD,385802.838200,546812,483306.007556,0.000013,0.7155,0.7157,0.7159,0.715409016374,0.716444775
2025-09-08T06:16:08.755601Z,GRASS-USD,347531.582600,493360,312827.407625,0.000013,0.7028,0.7045,0.7049,0.704084157749,0.704849999999
2025-09-09T06:15:33.400607Z,GRASS-USD,913810.844600,1221458,263158.956437,0.000013,0.7677,0.7684,0.7686,0.768203770499,0.768730747999
2025-09-10T06:15:15.837301Z,GRASS-USD,617357.437400,783494,218346.411084,0.000013,0.7764,0.7764,0.7768,0.775934481,0.7765631115
2025-09-04T10:49:51.353140Z,HYPE-USD,0.000000,0.0,157786.707695,0.000198,,,,,
2025-09-04T11:25:31.179234Z,HYPE-USD,4359203.517440,94931.70,3095837.271059,0.000013,45.940,45.951,45.957,45.940442135578,45.93744246583
2025-09-05T06:15:02.592138Z,HYPE-USD,2267997.117120,49828.22,2827023.630034,0.000013,45.633,45.612,45.63,45.594316709215,45.59136122702
2025-09-06T06:12:50.906414Z,HYPE-USD,9318589.224600,198932.56,4473496.137803,0.000013,47.070,47.1,47.101,47.093815232945,47.089816012918
2025-09-07T06:12:48.997065Z,HYPE-USD,1998675.374800,43036.02,4504294.992812,0.000013,46.725,46.733,46.736,46.75866564669,46.75473111307
2025-09-08T06:16:08.755601Z,HYPE-USD,4752139.328800,100105.30,4111448.213287,0.000013,49.270,49.26,49.271,49.337208839444,49.30756875
2025-09-09T06:15:33.400607Z,HYPE-USD,30641474.335140,600590.96,2921859.562096,0.000013,53.987,53.975,53.997,54.061917045867,53.991559951014
2025-09-10T06:15:15.837301Z,HYPE-USD,14763922.712360,273407.08,2961836.771414,0.000013,54.648,54.648,54.662,54.667838061579,54.652704348227
2025-09-04T10:49:51.353125Z,INIT-USD,0.000000,0,2439.058114,0.000013,,,,,
2025-09-04T11:25:31.179234Z,INIT-USD,55343.518040,170956,117819.444897,0.000013,0.31582,0.31552,0.31592,0.315528073874,0.315875792
2025-09-05T06:15:02.592138Z,INIT-USD,50456.816880,161970,145054.331685,0.000013,0.32185,0.32149,0.32185,0.321579743375,0.321676536124
2025-09-06T06:12:50.906414Z,INIT-USD,142947.120180,444738,112326.295142,0.000013,0.32129,0.32099,0.32129,0.320838770249,0.320980555225
2025-09-07T06:12:48.997065Z,INIT-USD,45611.499880,138770,110407.571873,0.000013,0.33297,0.3328,0.33317,0.332777451874,0.332835800937
2025-09-08T06:16:08.755601Z,INIT-USD,89632.573080,267444,127238.364349,0.000013,0.33627,0.3364,0.3367,0.335740766875,0.33635
2025-09-09T06:15:33.400607Z,INIT-USD,364489.533460,999798,141968.497612,0.000013,0.37563,0.3749,0.37525,0.374964997999,0.374914995999
2025-09-10T06:15:15.837301Z,INIT-USD,94668.225840,257254,113907.993229,0.000016,0.36350,0.36345,0.3635,0.36324091875,0.363232745625
2025-09-04T10:49:51.353201Z,IP-USD,0.000000,0,6383.061057,-0.000078,,,,,
2025-09-04T11:25:31.179234Z,IP-USD,2180894.677400,263804,869994.174285,0.000013,8.1456,8.135,8.1376,8.14403023875,8.139252952
2025-09-05T06:15:02.592138Z,IP-USD,1370431.110400,170570,564678.824636,0.000013,8.2246,8.2227,8.227,8.213271244999,8.22617860375
2025-09-06T06:12:50.906414Z,IP-USD,639665.008200,79238,452906.451319,0.000013,8.1070,8.0982,8.1018,8.098316549,8.09763559
2025-09-07T06:12:48.997065Z,IP-USD,299827.036800,37144,418978.859760,0.000013,8.2083,8.303,8.3057,8.307468369749,8.30401896875
2025-09-08T06:16:08.755601Z,IP-USD,2957991.225800,346574,401325.610679,0.000013,8.5520,8.5502,8.554,8.5508503575,8.5485
2025-09-09T06:15:33.400607Z,IP-USD,561305.386600,65514,366006.785882,0.000013,8.5955,8.5942,8.5971,8.5965517165,8.593593729999
2025-09-10T06:15:15.837301Z,IP-USD,8811560.076200,830374,211085.068744,0.000013,10.2240,10.2256,10.2295,10.226989764749,10.227014193749
2025-09-04T10:49:51.353220Z,JUP-USD,0.000000,0,7514.136827,0.000013,,,,,
2025-09-04T11:25:31.179234Z,JUP-USD,65820.152200,132324,195890.842021,0.000013,0.4895,0.4895,0.4897,0.48936742,0.489667492
2025-09-05T06:15:02.592138Z,JUP-USD,18043.613200,37286,198440.094911,0.000013,0.4891,0.4893,0.4895,0.489195246375,0.489540383749
2025-09-06T06:12:50.906414Z,JUP-USD,475503.401200,951682,289438.029698,0.000013,0.4959,0.4962,0.4964,0.495635130499,0.496077675499
2025-09-07T06:12:48.997065Z,JUP-USD,38922.161400,78850,278496.274623,0.000013,0.5006,0.5001,0.5005,0.500196263875,0.50033126875
2025-09-08T06:16:08.755601Z,JUP-USD,52137.062000,103710,273204.803832,0.000013,0.5054,0.5061,0.5064,0.505841147625,0.506199999999
2025-09-09T06:15:33.400607Z,JUP-USD,536767.617200,1040238,189036.323886,0.000013,0.5226,0.5223,0.5226,0.522777444375,0.522420895999
2025-09-10T06:15:15.837301Z,JUP-USD,99958.715800,189596,176480.567876,0.000013,0.5293,0.5291,0.5294,0.528986775,0.528824879625
2025-09-04T10:49:51.353151Z,KAITO-USD,0.000000,0,8530.132085,0.000013,,,,,
2025-09-04T11:25:31.179234Z,KAITO-USD,226290.877200,219394,345881.537651,0.000013,1.0028,1.0024,1.0029,1.002090444,1.00299066
2025-09-05T06:15:02.592138Z,KAITO-USD,257773.989600,261286,361147.509750,0.000013,0.9855,0.9853,0.9859,0.985438681499,0.985781320249
2025-09-06T06:12:50.906414Z,KAITO-USD,662572.670600,673996,351469.799026,0.000013,0.9646,0.9642,0.9648,0.96331628275,0.96470658625
2025-09-07T06:12:48.997065Z,KAITO-USD,142576.784400,146258,341517.681021,0.000013,1.0026,1.0009,1.0012,1.001312578125,1.001262575
2025-09-08T06:16:08.755601Z,KAITO-USD,423058.773400,417148,389733.686507,0.000013,0.9970,0.9985,0.9991,0.9976850345,0.99875
2025-09-09T06:15:33.400607Z,KAITO-USD,6970695.038600,5336110,1285755.217673,-0.000330,1.3994,1.4025,1.4026,1.401780597749,1.409456375999
2025-09-10T06:15:15.837301Z,KAITO-USD,13108015.314400,9570168,1121640.325360,-0.001076,1.3090,1.3094,1.31,1.307294437625,1.311887682375
2025-09-04T10:49:51.353153Z,LDO-USD,0.000000,0,13059.271332,0.000013,,,,,
2025-09-04T11:25:31.179234Z,LDO-USD,5036902.070600,4121004,1471502.133861,0.000013,1.2111,1.2105,1.2112,1.208749091374,1.209940316
2025-09-05T06:15:02.592138Z,LDO-USD,5773503.748200,4824494,1431402.736007,0.000013,1.1880,1.188,1.1885,1.186859774375,1.187547964625
2025-09-06T06:12:50.906414Z,LDO-USD,645697.238600,534200,1397077.989303,0.000013,1.1687,1.1684,1.1689,1.1670149885,1.16759745575
2025-09-07T06:12:48.997065Z,LDO-USD,209543.629200,180316,1399226.121167,0.000013,1.1720,1.1699,1.1704,1.168823046875,1.169423084375
2025-09-08T06:16:08.755601Z,LDO-USD,302222.895200,254242,1428947.359199,0.000029,1.1926,1.1942,1.1946,1.192649999999,1.193249999999
2025-09-09T06:15:33.400607Z,LDO-USD,422448.211800,350232,1469964.042028,0.000043,1.2268,1.2292,1.2298,1.226851206874,1.228424134999
2025-09-10T06:15:15.837301Z,LDO-USD,1889767.176200,1522006,1254185.412580,0.000027,1.1926,1.1927,1.1933,1.191720206249,1.1917433895
2025-09-04T11:25:31.179234Z,LINEA-USD,52.616000,2000,52.021962,0.000013,0.026308,0.026012,0.026048,0.02601098115,0
2025-09-05T06:15:02.592138Z,LINEA-USD,927502.004000,35571600,237226.751445,0.000013,0.028611,0.028597,0.028631,0.028652650125,0
2025-09-06T06:12:50.906414Z,LINEA-USD,670729.086200,24552800,126822.815197,0.000013,0.028828,0.028711,0.028721,0.028724138249,0
2025-09-07T06:12:48.997065Z,LINEA-USD,259279.916200,8901200,80015.620662,0.000013,0.030171,0.030019,0.030042,0.030026876562,0
2025-09-08T06:16:08.755601Z,LINEA-USD,584058.129800,19688000,212400.433939,0.000013,0.030057,0.029898,0.029942,0.029899551499,0
2025-09-09T06:15:33.400607Z,LINEA-USD,2047005.158000,74022200,294760.451751,0.000013,0.028686,0.02885,0.028902,0.0288816606,0
2025-09-10T06:15:15.837301Z,LINEA-USD,163395.719800,5842600,276387.592138,0.000013,0.026888,0.027299,0.027332,0.0272894542,0
2025-09-04T10:49:51.353192Z,LINK-USD,0.000000,0.0,4546.080034,0.000013,,,,,
2025-09-04T11:25:31.179234Z,LINK-USD,119984.720200,5096.0,388420.254768,0.000013,23.423,23.408,23.413,23.373465806249,23.4115
2025-09-05T06:15:02.592138Z,LINK-USD,405538.079000,17833.6,371198.955284,0.000013,22.572,22.567,22.577,22.550754849999,22.571862025
2025-09-06T06:12:50.906414Z,LINK-USD,684195.100000,30223.0,403073.073845,0.000013,22.200,22.206,22.212,22.187834344999,22.2055007075
2025-09-07T06:12:48.997065Z,LINK-USD,178099.441800,8044.8,409077.148524,0.000013,22.387,22.364,22.371,22.35589715625,22.363897656249
2025-09-08T06:16:08.755601Z,LINK-USD,390524.714600,17519.8,412817.555905,0.000013,22.393,22.38,22.394,22.35288527875,22.378499999999
2025-09-09T06:15:33.400607Z,LINK-USD,658395.776000,28631.4,488758.155076,0.000013,23.612,23.586,23.591,23.555972156249,23.592943679999
2025-09-10T06:15:15.837301Z,LINK-USD,727613.815000,31096.6,796324.676488,0.000013,23.301,23.334,23.341,23.32103357,23.3305
2025-09-04T10:49:51.353149Z,LTC-USD,0.000000,0.00,8104.016779,0.000013,,,,,
2025-09-04T11:25:31.179234Z,LTC-USD,70542.161400,626.78,109811.846460,0.000013,111.53,111.32,111.37,111.2086268125,111.335
2025-09-05T06:15:02.592138Z,LTC-USD,25216.843200,227.44,110799.617154,0.000013,111.87,111.82,111.88,111.826181499999,111.834225562499
2025-09-06T06:12:50.906414Z,LTC-USD,185911.478400,1652.40,139951.779516,0.000013,111.41,111.41,111.5,111.391101175,111.449984525
2025-09-07T06:12:48.997065Z,LTC-USD,26880.038800,239.90,148203.654350,0.000013,113.62,113.62,113.67,113.5520965625,113.6121003125
2025-09-08T06:16:08.755601Z,LTC-USD,1143961.833600,10073.66,185622.450901,0.000013,112.37,112.32,112.38,112.192475612499,112.335
2025-09-09T06:15:33.400607Z,LTC-USD,475867.738000,4210.08,117055.402607,0.000013,113.64,113.53,113.6,113.432372625,113.529540999999
2025-09-10T06:15:15.837301Z,LTC-USD,98853.414200,871.38,82623.468530,0.000013,112.52,112.51,112.61,112.4924688625,112.5396541125
2025-09-04T10:49:51.353210Z,MATIC-USD,0,0,0,0.000013,,,,,
2025-09-04T11:25:31.179234Z,MATIC-USD,0,0,0,0.000013,0,0,0,0,0
2025-09-05T06:15:02.592138Z,MATIC-USD,0,0,0,0.000013,0,0,0,0,0
2025-09-06T06:12:50.906414Z,MATIC-USD,0,0,0,0.000013,0,0,0,0,0
2025-09-07T06:12:48.997065Z,MATIC-USD,0,0,0,0.000013,0,0,0,0,0
2025-09-08T06:16:08.755601Z,MATIC-USD,0,0,0,0.000013,0,0,0,0,0
2025-09-09T06:15:33.400607Z,MATIC-USD,0,0,0,0.000013,0,0,0,0,0
2025-09-10T06:15:15.837301Z,MATIC-USD,0,0,0,0.000013,0,0,0,0,0
2025-09-04T10:49:51.353160Z,MELANIA-USD,31.087800,162,4192.817396,0.000013,,,,,
2025-09-04T11:25:31.179234Z,MELANIA-USD,151751.190240,777716,156589.452944,0.000013,0.19405,0.19387,0.19405,0.193789234374,0.193596452
2025-09-05T06:15:02.592138Z,MELANIA-USD,189280.778880,987578,173645.466320,0.000013,0.18955,0.18942,0.18955,0.189367514875,0.189515633749
2025-09-06T06:12:50.906414Z,MELANIA-USD,344075.209000,1783984,315329.694774,0.000024,0.19471,0.19472,0.19481,0.19444319425,0.1944912475
2025-09-07T06:12:48.997065Z,MELANIA-USD,308171.671600,1606380,414672.806531,0.000013,0.19445,0.19445,0.19447,0.194362146875,0.19451215625
2025-09-08T06:16:08.755601Z,MELANIA-USD,310973.952800,1592520,474542.380026,0.000078,0.19647,0.19668,0.19686,0.196544594875,0.1965
2025-09-09T06:15:33.400607Z,MELANIA-USD,735484.723800,3672040,806217.009600,0.000062,0.20165,0.20175,0.20185,0.20196312675,0.201508059999
2025-09-10T06:15:15.837301Z,MELANIA-USD,390303.633520,1956512,803156.819735,0.000143,0.19905,0.19908,0.19909,0.198940549874,0.19849057125
2025-09-04T10:49:51.353213Z,MKR-USD,0.000000,0.000,2865.849805,0.000013,,,,,
2025-09-04T11:25:31.179234Z,MKR-USD,22874.408248,13.742,9444.296400,0.000013,1664.230,1664.23,1664.896,1663.9,1663.4002805
2025-09-05T06:15:02.592138Z,MKR-USD,17318.078820,10.404,9294.545400,0.000013,1664.230,1664.23,1664.896,1663.9,1663.4002805
2025-09-06T06:12:50.906414Z,MKR-USD,20723.805024,12.450,9331.151200,0.000013,1664.230,1664.23,1664.896,1663.9,1663.4002805
2025-09-07T06:12:48.997065Z,MKR-USD,13689.324140,8.224,9470.918800,0.000013,1664.230,1664.23,1664.896,1663.9,1663.4002805
2025-09-08T06:16:08.755601Z,MKR-USD,15783.380332,9.482,9301.201000,0.000013,1664.230,1664.23,1664.896,1663.9,1663.4002805
2025-09-09T06:15:33.400607Z,MKR-USD,1591.332884,0.956,9271.250800,0.000013,1664.896,1664.23,1664.896,1663.9,1663.4002805
2025-09-10T06:15:15.837301Z,MKR-USD,0.000000,0.000,9271.250800,0.000013,1664.896,1664.23,1664.896,1663.9,1663.4002805
2025-09-04T11:25:31.179234Z,MNT-USD,322825.990420,289070,181831.695373,0.000013,1.12396,1.12192,1.12336,1.1232082785,1.123119484
2025-09-05T06:15:02.592138Z,MNT-USD,439146.168000,386770,37555.721483,0.000013,1.17637,1.17535,1.1764,1.175158692125,1.175546974625
2025-09-06T06:12:50.906414Z,MNT-USD,612132.200080,519944,213703.320308,0.000013,1.15803,1.15653,1.15698,1.155765326,1.156747944
2025-09-07T06:12:48.997065Z,MNT-USD,6324.496260,5448,212983.228567,0.000013,1.15198,1.15262,1.15308,1.152145044125,1.15217200625
2025-09-08T06:16:08.755601Z,MNT-USD,192134.931060,166512,33573.001890,0.000013,1.14773,1.14983,1.15108,1.149524135125,1.1503
2025-09-09T06:15:33.400607Z,MNT-USD,1055138.480080,893500,580405.985325,0.000024,1.20926,1.20756,1.20816,1.208519485875,1.206998277999
2025-09-10T06:15:15.837301Z,MNT-USD,635292.015300,487822,681719.140358,0.000013,1.34582,1.34011,1.34111,1.34078966175,1.340986300125
2025-09-04T11:25:31.179234Z,MOG-USD,0,0,0,0.000013,0,0,0,0,0
2025-09-05T06:15:02.592138Z,MOG-USD,0,0,0,0.000013,0,0,0,0,0
2025-09-06T06:12:50.906414Z,MOG-USD,0,0,0,0.000013,0,0,0,0,0
2025-09-07T06:12:48.997065Z,MOG-USD,0,0,0,0.000013,0,0,0,0,0
2025-09-08T06:16:08.755601Z,MOG-USD,0,0,0,0.000013,0,0,0,0,0
2025-09-09T06:15:33.400607Z,MOG-USD,0,0,0,0.000013,0,0,0,0,0
2025-09-10T06:15:15.837301Z,MOG-USD,0,0,0,0.000013,0,0,0,0,0
2025-09-04T10:49:51.353121Z,MOODENG-USD,0.000000,0,2613.944684,0.000013,,,,,
2025-09-04T11:25:31.179234Z,MOODENG-USD,204125.924960,1542932,41286.359479,0.000013,0.12923,0.12915,0.12923,0.1291659924,0.1291709936
2025-09-05T06:15:02.592138Z,MOODENG-USD,365471.012120,2849756,90031.664770,0.000013,0.13025,0.1303,0.13036,0.130186715749,0.130300748925
2025-09-06T06:12:50.906414Z,MOODENG-USD,456885.288800,3464100,122380.122356,0.000013,0.13174,0.13187,0.13192,0.13175104735,0.131809068325
2025-09-07T06:12:48.997065Z,MOODENG-USD,92270.241000,704320,107400.732609,0.000013,0.13315,0.13255,0.13261,0.132605939087,0.132458278125
2025-09-08T06:16:08.755601Z,MOODENG-USD,107940.142600,806800,99143.327943,0.000013,0.13455,0.13477,0.13482,0.134672306499,0.13467
2025-09-09T06:15:33.400607Z,MOODENG-USD,392895.117400,2800800,98625.398400,0.000013,0.14562,0.14583,0.14587,0.145845937625,0.145840833399
2025-09-10T06:15:15.837301Z,MOODENG-USD,390219.501580,2694162,86119.568246,0.000013,0.14216,0.14214,0.1422,0.142091802862,0.142093250249
2025-09-04T10:49:51.353226Z,NEAR-USD,0.000000,0.0,2846.836753,0.000013,,,,,
2025-09-04T11:25:31.179234Z,NEAR-USD,0,0,0,0.000013,0,0,0,0,0
2025-09-05T06:15:02.592138Z,NEAR-USD,0,0,0,0.000013,0,0,0,0,0
2025-09-06T06:12:50.906414Z,NEAR-USD,0,0,0,0.000013,0,0,0,0,0
2025-09-07T06:12:48.997065Z,NEAR-USD,0,0,0,0.000013,0,0,0,0,0
2025-09-08T06:16:08.755601Z,NEAR-USD,0,0,0,0.000013,0,0,0,0,0
2025-09-09T06:15:33.400607Z,NEAR-USD,0,0,0,0.000013,0,0,0,0,0
2025-09-10T06:15:15.837301Z,NEAR-USD,0,0,0,0.000013,0,0,0,0,0
2025-09-04T10:49:51.353211Z,ONDO-USD,0.000000,0,1223.026556,0.000013,,,,,
2025-09-04T11:25:31.179234Z,ONDO-USD,156437.692600,165060,382545.774306,0.000013,0.9288,0.9259,0.9266,0.926646870624,0.926366138
2025-09-05T06:15:02.592138Z,ONDO-USD,67958.113200,74098,384996.470564,0.000013,0.9159,0.9163,0.917,0.916082439999,0.916458101556
2025-09-06T06:12:50.906414Z,ONDO-USD,273573.634800,295092,391853.244356,0.000013,0.9044,0.9041,0.9048,0.903220644375,0.90420930875
2025-09-07T06:12:48.997065Z,ONDO-USD,84053.561600,93290,423533.041183,0.000013,0.9102,0.9079,0.9085,0.907933976125,0.908245879687
2025-09-08T06:16:08.755601Z,ONDO-USD,80577.109600,88882,406385.753002,0.000013,0.9094,0.9105,0.9111,0.90882727875,0.910649999999
2025-09-09T06:15:33.400607Z,ONDO-USD,297704.792400,318036,350864.373420,0.000013,0.9516,0.9511,0.9522,0.951785690624,0.951046518999
2025-09-10T06:15:15.837301Z,ONDO-USD,463568.818200,462504,368386.630904,0.000013,1.0047,1.0043,1.0051,1.00437489,1.004611137187
2025-09-04T10:49:51.353178Z,OP-USD,0.000000,0,599.582392,0.000013,,,,,
2025-09-04T11:25:31.179234Z,OP-USD,113570.207400,158646,226619.359482,0.000013,0.7057,0.7053,0.7058,0.704999780624,0.705619308
2025-09-05T06:15:02.592138Z,OP-USD,61793.683800,88674,240622.600385,0.000013,0.7011,0.7004,0.701,0.700213013499,0.700607795374
2025-09-06T06:12:50.906414Z,OP-USD,290371.253400,403446,225259.289649,0.000013,0.7132,0.7139,0.7145,0.713225036249,0.714017867749
2025-09-07T06:12:48.997065Z,OP-USD,190171.927600,263528,208887.474095,0.000013,0.7237,0.7221,0.7225,0.722009560875,0.72234514375
2025-09-08T06:16:08.755601Z,OP-USD,35742.373800,49576,204847.259433,0.000013,0.7208,0.7228,0.7234,0.721933756124,0.722849999999
2025-09-09T06:15:33.400607Z,OP-USD,721698.691600,945534,222383.585721,0.000013,0.7695,0.7701,0.7708,0.769994272125,0.770380813999
2025-09-10T06:15:15.837301Z,OP-USD,187962.856200,242406,207245.233040,0.000013,0.7628,0.7629,0.7634,0.76253093625,0.762813764625
2025-09-04T10:49:51.353119Z,PENDLE-USD,0,0,3539.570573,0.000013,,,,,
2025-09-04T11:25:31.179234Z,PENDLE-USD,1089611.060600,230798,226049.424297,0.000013,4.7308,4.7311,4.7339,4.730254965624,4.73263556
2025-09-05T06:15:02.592138Z,PENDLE-USD,1222637.441000,265480,204573.816836,0.000013,4.5905,4.5863,4.5891,4.588708825,4.58787846875
2025-09-06T06:12:50.906414Z,PENDLE-USD,1398879.220800,297682,178750.452015,0.000013,4.6771,4.6779,4.6799,4.679086226249,4.6772895125
2025-09-07T06:12:48.997065Z,PENDLE-USD,562451.003600,121210,176105.742474,0.000013,4.6449,4.6356,4.6371,4.637778954874,4.637789843749
2025-09-08T06:16:08.755601Z,PENDLE-USD,902043.572400,193166,229763.003003,0.000013,4.7695,4.7676,4.7695,4.76587851075,4.7675
2025-09-09T06:15:33.400607Z,PENDLE-USD,1204396.633200,248666,193044.688982,0.000013,4.8589,4.8528,4.8546,4.853539723999,4.854694179999
2025-09-10T06:15:15.837301Z,PENDLE-USD,2112050.358600,435574,372002.542054,0.000013,4.6866,4.687,4.6887,4.684344599874,4.68627739125
2025-09-04T10:49:51.353219Z,PENGU-USD,0.000000,0,28540.097077,0.000013,,,,,
2025-09-04T11:25:31.179234Z,PENGU-USD,102551.338920,3381904,333004.600188,0.000013,0.029469,0.029465,0.029482,0.0294595686,0.02948557484
2025-09-05T06:15:02.592138Z,PENGU-USD,172072.068320,5921464,403951.341483,0.000013,0.028834,0.028749,0.028763,0.028739158126,0.028759372452
2025-09-06T06:12:50.906414Z,PENGU-USD,1277207.484352,43424716,328163.398134,0.000013,0.028748,0.028821,0.028834,0.028794492157,0.028829202627
2025-09-07T06:12:48.997065Z,PENGU-USD,93228.752600,3244200,332842.695432,0.000013,0.029006,0.028934,0.028948,0.028938887261,0.028940308656
2025-09-08T06:16:08.755601Z,PENGU-USD,793210.461600,26235400,285358.621276,0.000013,0.030590,0.030517,0.030534,0.030504813626,0.0305095
2025-09-09T06:15:33.400607Z,PENGU-USD,2018494.731200,60741400,305803.670830,0.000013,0.034905,0.035139,0.035155,0.035191907619,0.035152906059
2025-09-10T06:15:15.837301Z,PENGU-USD,651800.793200,18997000,332693.733714,0.000013,0.033389,0.033411,0.033423,0.033424664362,0.033408413024
2025-09-04T11:25:31.179234Z,PLACE_1-USD,0,0,0,0.000013,0,0,0,0,0
2025-09-05T06:15:02.592138Z,PLACE_1-USD,0,0,0,0.000013,0,0,0,0,0
2025-09-06T06:12:50.906414Z,PLACE_1-USD,0,0,0,0.000013,0,0,0,0,0
2025-09-07T06:12:48.997065Z,PLACE_1-USD,0,0,0,0.000013,0,0,0,0,0
2025-09-08T06:16:08.755601Z,PLACE_1-USD,0,0,0,0.000013,0,0,0,0,0
2025-09-09T06:15:33.400607Z,PLACE_1-USD,0,0,0,0.000013,0,0,0,0,0
2025-09-10T06:15:15.837301Z,PLACE_1-USD,0,0,0,0.000013,0,0,0,0,0
2025-09-04T11:25:31.179234Z,PLACE_2-USD,0,0,0,0.000013,0,0,0,0,0
2025-09-05T06:15:02.592138Z,PLACE_2-USD,0,0,0,0.000013,0,0,0,0,0
2025-09-06T06:12:50.906414Z,PLACE_2-USD,0,0,0,0.000013,0,0,0,0,0
2025-09-07T06:12:48.997065Z,PLACE_2-USD,0,0,0,0.000013,0,0,0,0,0
2025-09-08T06:16:08.755601Z,PLACE_2-USD,0,0,0,0.000013,0,0,0,0,0
2025-09-09T06:15:33.400607Z,PLACE_2-USD,0,0,0,0.000013,0,0,0,0,0
2025-09-10T06:15:15.837301Z,PLACE_2-USD,0,0,0,0.000013,0,0,0,0,0
2025-09-04T10:49:51.353171Z,POPCAT-USD,0.000000,0,3838.855117,0.000013,,,,,
2025-09-04T11:25:31.179234Z,POPCAT-USD,39599.673960,157920,63677.951061,0.000013,0.24409,0.24389,0.24403,0.2437060395,0.244008548
2025-09-05T06:15:02.592138Z,POPCAT-USD,82867.078080,348700,63690.413725,0.000013,0.23927,0.23927,0.2394,0.239270336249,0.239369746374
2025-09-06T06:12:50.906414Z,POPCAT-USD,227027.435740,928162,94288.510186,0.000013,0.24257,0.24305,0.24319,0.242941496749,0.242989065
2025-09-07T06:12:48.997065Z,POPCAT-USD,17770.444980,73716,94552.281819,0.000013,0.24440,0.24367,0.24379,0.244070134124,0.243665228125
2025-09-08T06:16:08.755601Z,POPCAT-USD,23028.852660,93174,103884.892037,0.000013,0.25099,0.25115,0.25131,0.250744358125,0.251099999999
2025-09-09T06:15:33.400607Z,POPCAT-USD,76685.798820,294814,126287.069880,0.000013,0.26857,0.26895,0.26915,0.269560781999,0.269060761999
2025-09-10T06:15:15.837301Z,POPCAT-USD,89010.041500,334240,121730.034812,0.000013,0.26657,0.26646,0.26659,0.266044013874,0.2661873555
2025-09-04T10:49:51.353175Z,PUMP-USD,538684.988800,128226200,642532.004005,0.000329,,,,,
2025-09-04T11:25:31.179234Z,PUMP-USD,6014698.666480,1510275560,1877353.650326,-0.000014,0.004208,0.004207,0.004208,0.0042110104,0.00421200532
2025-09-05T06:15:02.592138Z,PUMP-USD,3157058.814832,740216426,2132831.139828,0.000013,0.004336,0.004345,0.004346,0.004345271955,0.004344358379
2025-09-06T06:12:50.906414Z,PUMP-USD,2924242.938600,628761200,2225126.514237,0.000013,0.004802,0.004787,0.00479,0.004797356075,0.004793949596
2025-09-07T06:12:48.997065Z,PUMP-USD,3236295.874400,701371400,2235248.401762,0.000013,0.004646,0.004648,0.004649,0.004658884326,0.004648540515
2025-09-08T06:16:08.755601Z,PUMP-USD,3679986.733600,761964200,3048570.404720,0.000013,0.004706,0.004697,0.004698,0.004696370846,0.00469575
2025-09-09T06:15:33.400607Z,PUMP-USD,4342323.844000,891572600,3178967.143866,0.000013,0.004868,0.004888,0.00489,0.00488889108,0.004887320484
2025-09-10T06:15:15.837301Z,PUMP-USD,2023045.448992,417245098,3425131.216487,0.000013,0.005285,0.005276,0.005277,0.005284381098,0.005267454631
2025-09-04T10:49:51.353185Z,RESOLV-USD,0.000000,0,195731.359843,0.000013,,,,,
2025-09-04T11:25:31.179234Z,RESOLV-USD,391295.141240,2604628,47047.983863,0.000013,0.14438,0.14402,0.1441,0.143970965468,0.143984548
2025-09-05T06:15:02.592138Z,RESOLV-USD,117372.520720,827450,88181.533772,0.000013,0.14395,0.1436,0.14367,0.143564355,0.143551842049
2025-09-06T06:12:50.906414Z,RESOLV-USD,767825.255520,5166308,133822.257412,0.000013,0.15098,0.15186,0.15187,0.1516454505,0.151843166749
2025-09-07T06:12:48.997065Z,RESOLV-USD,495618.848200,3214440,143559.371171,0.000013,0.15497,0.15465,0.15473,0.154847773887,0.154759671875
2025-09-08T06:16:08.755601Z,RESOLV-USD,448678.403000,2798180,172039.899015,0.000013,0.16130,0.16197,0.16205,0.161746360625,0.162049999999
2025-09-09T06:15:33.400607Z,RESOLV-USD,443871.855200,2687180,143763.352703,0.000013,0.16353,0.16432,0.16438,0.164356573999,0.164291571399
2025-09-10T06:15:15.837301Z,RESOLV-USD,199134.495080,1248324,132815.980172,0.000013,0.15471,0.15442,0.15451,0.154446524874,0.154492661249
2025-09-04T10:49:51.353199Z,S-USD,0.000000,0,8496.478256,0.000013,,,,,
2025-09-04T11:25:31.179234Z,S-USD,185422.324080,603168,49762.405692,0.000013,0.30382,0.30402,0.3043,0.3039259625,0.304172984
2025-09-05T06:15:02.592138Z,S-USD,161256.281800,534980,58568.839517,0.000013,0.30383,0.30349,0.30379,0.303478069125,0.303475034624
2025-09-06T06:12:50.906414Z,S-USD,233775.484200,764000,63880.992513,0.000013,0.30101,0.30069,0.30103,0.300740977499,0.30083646175
2025-09-07T06:12:48.997065Z,S-USD,135375.241000,451860,68944.905886,0.000013,0.30113,0.30069,0.30094,0.300974828375,0.300868803125
2025-09-08T06:16:08.755601Z,S-USD,268562.224000,882740,86702.181657,0.000013,0.30553,0.30539,0.30569,0.305343129625,0.305449999999
2025-09-09T06:15:33.400607Z,S-USD,3350976.695400,10820840,54356.844365,0.000013,0.31472,0.31465,0.31492,0.31447043925,0.314612583999
2025-09-10T06:15:15.837301Z,S-USD,439935.431400,1414570,90797.858912,0.000013,0.30200,0.30239,0.30265,0.30223639875,0.302385636
2025-09-04T10:49:51.353169Z,SEI-USD,57.172000,200,1123.715698,0.000013,,,,,
2025-09-04T11:25:31.179234Z,SEI-USD,399137.444500,1380802,353738.792440,0.000013,0.28602,0.28587,0.28602,0.28581858,0.286018628
2025-09-05T06:15:02.592138Z,SEI-USD,445031.147200,1575792,352873.879190,0.000013,0.28525,0.28534,0.28549,0.285375681499,0.285573557874
2025-09-06T06:12:50.906414Z,SEI-USD,677734.128160,2315702,345202.104266,0.000013,0.28800,0.28813,0.28825,0.287840644874,0.28813703325
2025-09-07T06:12:48.997065Z,SEI-USD,474804.063400,1639320,362557.989867,0.000013,0.29598,0.29587,0.29599,0.295874407625,0.295868490625
2025-09-08T06:16:08.755601Z,SEI-USD,679133.367200,2297640,319385.163471,0.000013,0.29468,0.29492,0.29504,0.294643370374,0.29485
2025-09-09T06:15:33.400607Z,SEI-USD,1985210.641600,6422500,377500.298423,0.000013,0.31416,0.31394,0.31404,0.313770393749,0.313812551999
2025-09-10T06:15:15.837301Z,SEI-USD,756848.580840,2426542,352053.199224,0.000013,0.30972,0.30972,0.30984,0.309543035124,0.309535296374
2025-09-04T10:49:51.353176Z,SOL-USD,0.000000,0.00,45085.563310,0.000013,,,,,
2025-09-04T11:25:31.179234Z,SOL-USD,3649238.897000,17393.38,2846199.940491,0.000013,207.99,207.88,207.89,207.569099062499,207.7648516
2025-09-05T06:15:02.592138Z,SOL-USD,2174990.307800,10619.52,2937279.609991,0.000013,204.57,204.37,204.47,204.265424499999,204.305
2025-09-06T06:12:50.906414Z,SOL-USD,5672955.694800,27714.62,3328075.438483,0.000025,202.68,202.77,202.8,202.357917224999,202.575883675
2025-09-07T06:12:48.997065Z,SOL-USD,1415835.935400,7012.42,3391426.935787,0.000013,203.05,202.95,202.96,202.74317065625,202.835
2025-09-08T06:16:08.755601Z,SOL-USD,4853182.738600,23572.82,2670498.433212,0.000013,206.98,207.03,207.04,206.803448962499,206.914999999999
2025-09-09T06:15:33.400607Z,SOL-USD,18343970.244400,85651.40,1861682.531199,0.000013,217.73,217.59,217.63,217.383172373749,217.493699399999
2025-09-10T06:15:15.837301Z,SOL-USD,20144904.984000,93090.28,2248699.663107,0.000013,218.72,218.69,218.74,218.430631299999,218.504620537499
2025-09-04T11:25:31.179234Z,SPX-USD,195394.668540,169164,50759.098417,0.000013,1.12365,1.12252,1.12355,1.123038594999,1.123419556
2025-09-05T06:15:02.592138Z,SPX-USD,256630.206600,235270,49847.612778,0.000013,1.10241,1.10013,1.10111,1.099951736124,1.100340770624
2025-09-06T06:12:50.906414Z,SPX-USD,1520286.743840,1327026,94416.111320,0.000013,1.12746,1.12806,1.12862,1.127760526999,1.1286
2025-09-07T06:12:48.997065Z,SPX-USD,149672.393700,131008,94024.961319,0.000013,1.16715,1.16478,1.16535,1.165146116624,1.165322828124
2025-09-08T06:16:08.755601Z,SPX-USD,1025037.369920,831250,28751.311681,0.000013,1.27615,1.27535,1.27665,1.276021288875,1.2761
2025-09-09T06:15:33.400607Z,SPX-USD,1374064.449240,1033262,68985.656258,0.000013,1.37054,1.36718,1.36863,1.3685457915,1.369579780999
2025-09-10T06:15:15.837301Z,SPX-USD,777062.701420,555502,13914.331308,0.000013,1.42265,1.41834,1.41935,1.418671626,1.419532569
2025-09-04T10:49:51.353165Z,SPX500m-USD,123363.019400,19.128,33715.324300,0.000013,,,,,
2025-09-04T11:25:31.179234Z,SPX500m-USD,129.118000,0.020,780569.514900,0.000013,6455.9,6458.6,6462.1,6459.85,6461.3
2025-09-05T06:15:02.592138Z,SPX500m-USD,452.732000,0.070,787335.993500,0.000013,6467.6,6518.7,6520.4,6519.625,6519.55
2025-09-06T06:12:50.906414Z,SPX500m-USD,399089.756800,61.370,1057739.528500,0.000013,6471.0,6443.7,6546.5,6480.85,6480.85
2025-09-07T06:12:48.997065Z,SPX500m-USD,0.000000,0.000,1057739.528500,0.000013,6471.0,6443.7,6546.5,6480.85,6480.85
2025-09-08T06:16:08.755601Z,SPX500m-USD,0.000000,0.000,1059820.456000,0.000013,6471.0,6491.9,6493.7,6493.6,6492.8
2025-09-09T06:15:33.400607Z,SPX500m-USD,5611.766400,0.864,1062692.952000,0.000013,6495.1,6510.5,6512.2,6511.2,6511.35
2025-09-10T06:15:15.837301Z,SPX500m-USD,13505.272200,2.078,1066760.514800,0.000013,6504.2,6531.5,6532.2,6532.6,6532.4
2025-09-04T11:25:31.179234Z,SPX6900-USD,0,0,0,0.000013,0,0,0,0,0
2025-09-05T06:15:02.592138Z,SPX6900-USD,0,0,0,0.000013,0,0,0,0,0
2025-09-06T06:12:50.906414Z,SPX6900-USD,0,0,0,0.000013,0,0,0,0,0
2025-09-07T06:12:48.997065Z,SPX6900-USD,0,0,0,0.000013,0,0,0,0,0
2025-09-08T06:16:08.755601Z,SPX6900-USD,0,0,0,0.000013,0,0,0,0,0
2025-09-09T06:15:33.400607Z,SPX6900-USD,0,0,0,0.000013,0,0,0,0,0
2025-09-10T06:15:15.837301Z,SPX6900-USD,0,0,0,0.000013,0,0,0,0,0
2025-09-04T10:49:51.353190Z,STRK-USD,0.000000,0,5277.855360,0.000013,,,,,
2025-09-04T11:25:31.179234Z,STRK-USD,230108.847960,1873802,82713.585446,0.000013,0.12138,0.12138,0.12149,0.121480058874,0.121504154
2025-09-05T06:15:02.592138Z,STRK-USD,259580.034760,2156692,94332.492960,0.000013,0.12159,0.12169,0.12179,0.1216609485,0.121735042312
2025-09-06T06:12:50.906414Z,STRK-USD,579507.502920,4690788,116816.493880,0.000013,0.12329,0.12329,0.12339,0.12314568975,0.12334444925
2025-09-07T06:12:48.997065Z,STRK-USD,923126.560200,7594180,84600.889998,0.000013,0.12389,0.12352,0.12359,0.123660201125,0.123575222968
2025-09-08T06:16:08.755601Z,STRK-USD,220822.865000,1779240,83022.410519,0.000013,0.12422,0.12419,0.12429,0.124147517,0.12415
2025-09-09T06:15:33.400607Z,STRK-USD,395590.145600,3111400,83812.822378,0.000013,0.13219,0.13219,0.13226,0.132255289999,0.132155285999
2025-09-10T06:15:15.837301Z,STRK-USD,776789.817940,5859706,125444.907299,0.000013,0.12973,0.12969,0.12979,0.12964675875,0.129643841624
2025-09-04T10:49:51.353127Z,SUI-USD,0.000000,0,107952.070297,0.000013,,,,,
2025-09-04T11:25:31.179234Z,SUI-USD,509765.070200,152226,601125.971617,0.000013,3.3257,3.3254,3.3255,3.32304734,3.324947796
2025-09-05T06:15:02.592138Z,SUI-USD,773785.175000,234936,603672.496735,0.000013,3.3607,3.3607,3.3608,3.357952188499,3.360727237125
2025-09-06T06:12:50.906414Z,SUI-USD,719898.533600,212066,604830.488270,0.000013,3.3719,3.3719,3.372,3.367540551375,3.37149827575
2025-09-07T06:12:48.997065Z,SUI-USD,302549.047000,90320,606066.888393,0.000013,3.3792,3.3789,3.379,3.379278767499,3.379961234375
2025-09-08T06:16:08.755601Z,SUI-USD,390254.935000,115112,593413.268086,0.000013,3.3988,3.3992,3.3993,3.395356625125,3.39785
2025-09-09T06:15:33.400607Z,SUI-USD,344036.811200,99294,625518.618267,0.000013,3.5277,3.5326,3.5331,3.532526617499,3.53225
2025-09-10T06:15:15.837301Z,SUI-USD,718838.359000,203282,642478.443674,0.000013,3.5080,3.5091,3.5092,3.505179894999,3.508283348625
2025-09-04T10:49:51.353247Z,TAO-USD,0.000000,0.00,6504.386817,0.000013,,,,,
2025-09-04T11:25:31.179234Z,TAO-USD,56511.133000,174.54,431535.898896,0.000013,320.97,320.42,320.55,320.273043562499,320.526908
2025-09-05T06:15:02.592138Z,TAO-USD,113665.610000,357.98,465152.389716,0.000013,316.91,317.27,317.34,317.064325737499,317.276173125
2025-09-06T06:12:50.906414Z,TAO-USD,173296.897400,537.48,454977.326756,0.000013,317.26,317.21,317.32,317.039695875,317.275721949999
2025-09-07T06:12:48.997065Z,TAO-USD,89620.651000,278.72,462235.433445,0.000013,323.37,322.68,322.77,322.75404525,322.7351696875
2025-09-08T06:16:08.755601Z,TAO-USD,462949.436400,1403.58,448368.741810,0.000013,331.07,331.27,331.42,330.9092089875,331.194999999999
2025-09-09T06:15:33.400607Z,TAO-USD,486910.924400,1436.68,511714.860276,0.000013,345.26,345.61,345.77,345.888834999999,345.608823799999
2025-09-10T06:15:15.837301Z,TAO-USD,225146.088200,653.04,492111.747482,0.000013,339.17,337.23,337.33,337.0489894125,337.033990125
2025-09-04T10:49:51.353215Z,TECH100m-USD,47181.840960,2.0142,17355.898560,0.000013,,,,,
2025-09-04T11:25:31.179234Z,TECH100m-USD,0,0,0,0.000013,0,0,0,0,0
2025-09-05T06:15:02.592138Z,TECH100m-USD,0,0,0,0.000013,0,0,0,0,0
2025-09-06T06:12:50.906414Z,TECH100m-USD,0,0,0,0.000013,0,0,0,0,0
2025-09-07T06:12:48.997065Z,TECH100m-USD,0,0,0,0.000013,0,0,0,0,0
2025-09-08T06:16:08.755601Z,TECH100m-USD,0,0,0,0.000013,0,0,0,0,0
2025-09-09T06:15:33.400607Z,TECH100m-USD,0,0,0,0.000013,0,0,0,0,0
2025-09-10T06:15:15.837301Z,TECH100m-USD,0,0,0,0.000013,0,0,0,0,0
2025-09-04T10:49:51.353194Z,TIA-USD,0.000000,0.0,13925.580369,0.000013,,,,,
2025-09-04T11:25:31.179234Z,TIA-USD,61345.783400,37876,146432.405945,0.000013,1.5940,1.5961,1.5967,1.595332788,1.595907926
2025-09-05T06:15:02.592138Z,TIA-USD,154724.721400,98794,221555.345787,0.000013,1.5928,1.5916,1.5926,1.5909931765,1.592631381249
2025-09-06T06:12:50.906414Z,TIA-USD,214870.769600,132762,183076.119252,0.000013,1.5948,1.5939,1.5947,1.5931022055,1.593403293625
2025-09-07T06:12:48.997065Z,TIA-USD,66258.431400,41220,183694.008805,0.000013,1.6379,1.6323,1.6331,1.634084800874,1.63260203125
2025-09-08T06:16:08.755601Z,TIA-USD,268629.923600,163604,169345.583639,0.000013,1.6616,1.6612,1.662,1.6597626545,1.661424999999
2025-09-09T06:15:33.400607Z,TIA-USD,232355.198200,135474,159068.956562,0.000013,1.7417,1.743,1.7437,1.744215405624,1.742534849999
2025-09-10T06:15:15.837301Z,TIA-USD,946075.983200,505362,196739.834754,0.000013,1.7757,1.7757,1.7767,1.772910108624,1.775290669687
2025-09-04T10:49:51.353240Z,TON-USD,0.000000,0,4464.195160,0.000013,,,,,
2025-09-04T11:25:31.179234Z,TON-USD,273091.715000,85868,489847.072356,0.000013,3.1332,3.1322,3.1337,3.130293268124,3.13225156
2025-09-05T06:15:02.592138Z,TON-USD,59961.393000,19202,491488.606991,0.000013,3.1206,3.1159,3.1177,3.115538160625,3.11575702875
2025-09-06T06:12:50.906414Z,TON-USD,251097.755200,80612,472099.052304,0.000013,3.0817,3.0814,3.083,3.0798576015,3.0813613325
2025-09-07T06:12:48.997065Z,TON-USD,218319.265800,72168,477503.927130,0.000013,3.0913,3.0888,3.0903,3.087442953125,3.08869303125
2025-09-08T06:16:08.755601Z,TON-USD,27225.968200,8800,477836.441200,0.000013,3.0943,3.0899,3.0916,3.08747684375,3.0895
2025-09-09T06:15:33.400607Z,TON-USD,87818.737000,28362,499429.587524,0.000013,3.1205,3.1202,3.1215,3.1193683405,3.119624779999
2025-09-10T06:15:15.837301Z,TON-USD,110291.623400,35482,484123.534975,0.000013,3.1006,3.1002,3.1014,3.098430283749,3.098477815312
2025-09-04T10:49:51.353243Z,TRUMP-USD,0.000000,0,1468.397621,0.000013,,,,,
2025-09-04T11:25:31.179234Z,TRUMP-USD,195206.356000,23220,458852.413422,0.000013,8.360,8.356,8.363,8.351274268749,8.3595058
2025-09-05T06:15:02.592138Z,TRUMP-USD,142948.206000,17314,462227.933171,0.000013,8.324,8.323,8.33,8.323332249999,8.32618685375
2025-09-06T06:12:50.906414Z,TRUMP-USD,186322.248000,22292,459700.253256,0.000013,8.346,8.347,8.353,8.34422880375,8.345574432249
2025-09-07T06:12:48.997065Z,TRUMP-USD,88443.334000,10562,481647.327627,0.000013,8.485,8.48,8.485,8.481199641249,8.48002996875
2025-09-08T06:16:08.755601Z,TRUMP-USD,4975749.680000,586956,471962.005464,0.000013,8.481,8.479,8.483,8.4723729125,8.4765
2025-09-09T06:15:33.400607Z,TRUMP-USD,308674.172000,35688,524845.822761,0.000013,8.746,8.735,8.744,8.7270672225,8.731849259999
2025-09-10T06:15:15.837301Z,TRUMP-USD,197606.750000,22614,521845.081221,0.000013,8.791,8.787,8.793,8.790302213749,8.78308278375
2025-09-04T10:49:51.353206Z,TRX-USD,0.000000,0,10441.158624,0.000013,,,,,
2025-09-04T11:25:31.179234Z,TRX-USD,578298.546760,1700996,20729.347390,0.000013,0.33902,0.33892,0.33915,0.338736966312,0.339031348
2025-09-05T06:15:02.592138Z,TRX-USD,856578.484200,2546668,207098.289378,0.000013,0.33531,0.33529,0.33557,0.335238520499,0.335452672562
2025-09-06T06:12:50.906414Z,TRX-USD,1022568.783840,3056786,49148.930958,0.000013,0.33085,0.33085,0.33112,0.330724251112,0.33093510725
2025-09-07T06:12:48.997065Z,TRX-USD,4707630.423600,14800000,107738.696959,0.000013,0.32778,0.32783,0.3281,0.327802041437,0.328075003406
2025-09-08T06:16:08.755601Z,TRX-USD,1819013.819200,5531340,394705.756493,0.000013,0.33174,0.33152,0.3318,0.331395886362,0.331735
2025-09-09T06:15:33.400607Z,TRX-USD,1293910.529000,3894960,386490.532401,0.000013,0.33294,0.33292,0.33329,0.332616618674,0.332963317999
2025-09-10T06:15:15.837301Z,TRX-USD,1761364.245200,5243936,313015.956945,0.000013,0.33633,0.33603,0.33633,0.335928281299,0.336134032874
2025-09-04T10:49:51.353203Z,UNI-USD,0.000000,0.0,4943.739050,0.000013,,,,,
2025-09-04T11:25:31.179234Z,UNI-USD,198363.701740,20659.4,160523.022982,0.000013,9.4651,9.4597,9.4655,9.45576884,9.46277052
2025-09-05T06:15:02.592138Z,UNI-USD,42172.495120,4508.4,160110.737373,0.000013,9.4367,9.4378,9.4427,9.434372598749,9.439753715437
2025-09-06T06:12:50.906414Z,UNI-USD,110952.782920,11604.6,157771.820249,0.000013,9.2979,9.3043,9.3092,9.29819779875,9.304581275
2025-09-07T06:12:48.997065Z,UNI-USD,17538.388120,1877.4,162992.621702,0.000013,9.3897,9.3829,9.386,9.38108628125,9.383511432812
2025-09-08T06:16:08.755601Z,UNI-USD,11810.355540,1256.4,162339.183015,0.000013,9.3981,9.4113,9.4147,9.40333543875,9.410999999999
2025-09-09T06:15:33.400607Z,UNI-USD,78194.940340,8143.0,167571.663074,0.000013,9.5414,9.6409,9.6451,9.633102031249,9.644942909999
2025-09-10T06:15:15.837301Z,UNI-USD,84700.433520,8752.8,163030.061134,0.000013,9.5833,9.5489,9.5524,9.545309089999,9.547773246874
2025-09-04T10:49:51.353163Z,USDJPY-USD,31551.820920,212.80,593.090000,0.000013,,,,,
2025-09-04T11:25:31.179234Z,USDJPY-USD,0,0,0,0.000013,0,0,0,0,0
2025-09-05T06:15:02.592138Z,USDJPY-USD,0,0,0,0.000013,0,0,0,0,0
2025-09-06T06:12:50.906414Z,USDJPY-USD,0,0,0,0.000013,0,0,0,0,0
2025-09-07T06:12:48.997065Z,USDJPY-USD,0,0,0,0.000013,0,0,0,0,0
2025-09-08T06:16:08.755601Z,USDJPY-USD,0,0,0,0.000013,0,0,0,0,0
2025-09-09T06:15:33.400607Z,USDJPY-USD,0,0,0,0.000013,0,0,0,0,0
2025-09-10T06:15:15.837301Z,USDJPY-USD,0,0,0,0.000013,0,0,0,0,0
2025-09-04T10:49:51.353173Z,VIRTUAL-USD,0.000000,0,3923.196682,0.000013,,,,,
2025-09-04T11:25:31.179234Z,VIRTUAL-USD,235806.302420,209568,245155.263046,0.000013,1.08087,1.0793,1.07995,1.079208948,1.079959128
2025-09-05T06:15:02.592138Z,VIRTUAL-USD,115181.827620,107892,261875.878178,0.000013,1.08749,1.08438,1.08487,1.083950256125,1.084739483624
2025-09-06T06:12:50.906414Z,VIRTUAL-USD,1051761.520760,954190,291748.690776,0.000013,1.09501,1.09531,1.0958,1.094717157499,1.095100718249
2025-09-07T06:12:48.997065Z,VIRTUAL-USD,146463.063960,131330,307458.587961,0.000013,1.14963,1.14614,1.14655,1.146121628124,1.146621659375
2025-09-08T06:16:08.755601Z,VIRTUAL-USD,344493.267420,298184,439700.914806,0.000013,1.17996,1.18576,1.18615,1.185823318374,1.185999999999
2025-09-09T06:15:33.400607Z,VIRTUAL-USD,1172853.909020,931262,494580.178525,0.000013,1.30471,1.308,1.30864,1.307175158249,1.308227326999
2025-09-10T06:15:15.837301Z,VIRTUAL-USD,417480.416220,326264,489158.396636,0.000013,1.26373,1.26888,1.26946,1.266724664999,1.269739684499
2025-09-04T10:49:51.353187Z,WAL-USD,0.000000,0,17839.437174,-0.000009,,,,,
2025-09-04T11:25:31.179234Z,WAL-USD,0,0,0,0.000013,0,0,0,0,0
2025-09-05T06:15:02.592138Z,WAL-USD,0,0,0,0.000013,0,0,0,0,0
2025-09-06T06:12:50.906414Z,WAL-USD,0,0,0,0.000013,0,0,0,0,0
2025-09-07T06:12:48.997065Z,WAL-USD,0,0,0,0.000013,0,0,0,0,0
2025-09-08T06:16:08.755601Z,WAL-USD,0,0,0,0.000013,0,0,0,0,0
2025-09-09T06:15:33.400607Z,WAL-USD,0,0,0,0.000013,0,0,0,0,0
2025-09-10T06:15:15.837301Z,WAL-USD,0,0,0,0.000013,0,0,0,0,0
2025-09-04T10:49:51.353129Z,WIF-USD,0.000000,0,12049.245967,0.000013,,,,,
2025-09-04T11:25:31.179234Z,WIF-USD,338467.954400,417136,166687.036928,0.000013,0.7964,0.7966,0.797,0.796235081625,0.796741172
2025-09-05T06:15:02.592138Z,WIF-USD,363752.393600,460272,192749.577401,0.000013,0.7970,0.7971,0.7975,0.796821707499,0.797315773125
2025-09-06T06:12:50.906414Z,WIF-USD,1363683.481400,1672894,348204.746578,0.000013,0.8106,0.8108,0.8112,0.809823679874,0.810763514
2025-09-07T06:12:48.997065Z,WIF-USD,291925.709800,361250,244173.112366,0.000013,0.8253,0.824,0.8244,0.823801484375,0.823901490625
2025-09-08T06:16:08.755601Z,WIF-USD,213081.504000,256412,233056.880760,0.000013,0.8328,0.8332,0.8337,0.832227113125,0.83315
2025-09-09T06:15:33.400607Z,WIF-USD,643903.090400,751444,370515.968202,0.000013,0.8890,0.8887,0.8891,0.888012156499,0.888685545999
2025-09-10T06:15:15.837301Z,WIF-USD,395358.716200,446660,341522.453514,0.000013,0.8792,0.8791,0.8796,0.878532428999,0.8789582475
2025-09-04T10:49:51.353222Z,WLD-USD,0.000000,0.0,4221.599531,0.000013,,,,,
2025-09-04T11:25:31.179234Z,WLD-USD,58344.706200,65132,62441.504545,0.000013,0.8880,0.8866,0.8873,0.887129607374,0.886862796
2025-09-05T06:15:02.592138Z,WLD-USD,59719.360400,68230,71139.083941,0.000013,0.8771,0.8768,0.8776,0.876528880499,0.876872336
2025-09-06T06:12:50.906414Z,WLD-USD,563279.848000,621096,52731.840397,0.000013,0.9103,0.9102,0.9109,0.9099227015,0.9104590275
2025-09-07T06:12:48.997065Z,WLD-USD,929363.453800,942106,110435.518189,0.000013,1.0423,1.0385,1.0402,1.03976498125,1.039214946874
2025-09-08T06:16:08.755601Z,WLD-USD,1437374.137000,1265594,112100.380000,0.000013,1.2650,1.2731,1.275,1.272999999999,1.2735
2025-09-09T06:15:33.400607Z,WLD-USD,10996306.782400,7411678,383259.590393,0.000013,1.8581,1.8551,1.8576,1.8566799585,1.856574259999
2025-09-10T06:15:15.837301Z,WLD-USD,6487199.845600,3332322,58810.828994,0.000013,1.9352,1.9368,1.9383,1.935712888999,1.93640801625
2025-09-04T11:25:31.179234Z,WLFI-USD,1067604.065200,5077960,417811.826278,-0.000024,0.18047,0.18049,0.18065,0.180693356,0.180693356
2025-09-05T06:15:02.592138Z,WLFI-USD,800679.043800,4486240,343928.326428,0.000013,0.18157,0.18171,0.18192,0.1818168165,0.181664986125
2025-09-06T06:12:50.906414Z,WLFI-USD,468216.748400,2533420,337202.915186,0.000013,0.18339,0.18374,0.18388,0.1836917335,0.18364173575
2025-09-07T06:12:48.997065Z,WLFI-USD,1076052.982400,5266220,382786.988292,0.000013,0.23978,0.24078,0.24105,0.24071504375,0.240965059375
2025-09-08T06:16:08.755601Z,WLFI-USD,574539.714800,2533220,317478.797998,0.000013,0.20464,0.20462,0.20481,0.204749999999,0.204749999999
2025-09-09T06:15:33.400607Z,WLFI-USD,1067701.338900,5099288,318549.663935,0.000013,0.21267,0.21259,0.21279,0.212667012,0.212733508999
2025-09-10T06:15:15.837301Z,WLFI-USD,445052.034600,2177580,242437.914651,0.000013,0.20186,0.20177,0.20193,0.201740416874,0.201740416874
2025-09-04T10:49:51.353139Z,XAG-USD,70408.351200,1716.8,5676.501600,0.000013,,,,,
2025-09-04T11:25:31.179234Z,XAG-USD,0,0,0,0.000013,0,0,0,40.8945,40.889
2025-09-05T06:15:02.592138Z,XAG-USD,0,0,0,0.000013,0,0,0,40.811,40.804
2025-09-06T06:12:50.906414Z,XAG-USD,0,0,0,0.000013,0,0,0,41.0175,41.0175
2025-09-07T06:12:48.997065Z,XAG-USD,0,0,0,0.000013,0,0,0,41.0175,41.0175
2025-09-08T06:16:08.755601Z,XAG-USD,0,0,0,0.000013,0,0,0,40.885,40.88375
2025-09-09T06:15:33.400607Z,XAG-USD,0,0,0,0.000013,0,0,0,41.3565,41.357
2025-09-10T06:15:15.837301Z,XAG-USD,0,0,0,0.000013,0,0,0,41.1,41.09575
2025-09-04T10:49:51.353233Z,XAU-USD,96281.027080,27.108,46109.739840,0.000013,,,,,
2025-09-04T11:25:31.179234Z,XAU-USD,623217.567600,176.018,2041393.256000,0.000013,3538.7,3538.9,3540.4,3539.17,3539.455
2025-09-05T06:15:02.592138Z,XAU-USD,453730.901400,127.826,2049608.811600,0.000013,3556.8,3549,3550.5,3551.8,3551.31
2025-09-06T06:12:50.906414Z,XAU-USD,647006.052600,180.748,2174099.296440,0.000013,3587.7,3546.7,3625.6,3586.155,3586.155
2025-09-07T06:12:48.997065Z,XAU-USD,1823.147800,0.514,2174099.296440,0.000013,3550.3,3546.7,3625.6,3586.155,3586.155
2025-09-08T06:16:08.755601Z,XAU-USD,152054.573200,42.348,2178599.807280,0.000013,3592.5,3592,3593.5,3593.46,3592.77
2025-09-09T06:15:33.400607Z,XAU-USD,294126.654200,81.302,2188842.969420,0.000013,3641.7,3643.2,3644.8,3643.59,3644.03
2025-09-10T06:15:15.837301Z,XAU-USD,152548.198400,41.858,2200160.845260,0.000013,3641.0,3645.6,3647.1,3645.765,3646.37
2025-09-04T10:49:51.353142Z,XBR-USD,113864.824000,1690.6,2514.456000,0.000013,,,,,
2025-09-04T11:25:31.179234Z,XBR-USD,196695.080000,2921.8,13659.096000,0.000013,66.78,66.76,66.79,66.76,66.7775
2025-09-05T06:15:02.592138Z,XBR-USD,215495.018000,3230.0,11931.245000,0.000013,66.64,66.65,66.69,66.655,66.67
2025-09-06T06:12:50.906414Z,XBR-USD,284569.068000,4325.0,13206.801000,0.000013,65.60,62.31,68.59,65.445,65.445
2025-09-07T06:12:48.997065Z,XBR-USD,0.000000,0.0,13206.801000,0.000013,65.60,62.31,68.59,65.445,65.445
2025-09-08T06:16:08.755601Z,XBR-USD,39280.114000,595.2,15243.630000,0.000013,66.37,66.5,66.56,66.45,66.525
2025-09-09T06:15:33.400607Z,XBR-USD,185257.412000,2798.8,17184.650000,0.000013,66.36,66.32,66.36,66.35,66.33
2025-09-10T06:15:15.837301Z,XBR-USD,236918.760000,3556.6,14985.528000,0.000013,66.81,66.8,66.86,66.84,66.83
2025-09-04T11:25:31.179234Z,XPL-USD,544592.684400,913400,781513.790398,0.000013,0.59647,0.60577,0.60792,0.60622879625,0.606745584
2025-09-05T06:15:02.592138Z,XPL-USD,742357.232800,1213240,723085.250011,0.000013,0.64553,0.64412,0.64847,0.644253146499,0.644053129999
2025-09-06T06:12:50.906414Z,XPL-USD,967946.578600,1473160,517626.491738,0.000013,0.69576,0.69364,0.69945,0.696125634749,0.69611867325
2025-09-07T06:12:48.997065Z,XPL-USD,733422.837000,1030920,495638.919737,0.000013,0.69866,0.69229,0.6985,0.695007333374,0.696393521875
2025-09-08T06:16:08.755601Z,XPL-USD,385019.265600,545600,495427.684477,0.000013,0.71141,0.70404,0.70999,0.70769115375,0.707149999999
2025-09-09T06:15:33.400607Z,XPL-USD,457265.736200,654740,527837.569943,0.000013,0.69219,0.6925,0.69819,0.692498471499,0.692377693999
2025-09-10T06:15:15.837301Z,XPL-USD,73254.113800,108180,491948.633806,0.000013,0.65338,0.64738,0.65267,0.647435432374,0.647419246125
2025-09-04T10:49:51.353144Z,XRP-USD,10987.953600,3858,19679.519717,0.000013,,,,,
2025-09-04T11:25:31.179234Z,XRP-USD,839712.651600,293826,1432960.457103,0.000013,2.8452,2.847,2.8471,2.843954211874,2.848083376
2025-09-05T06:15:02.592138Z,XRP-USD,237136.946600,83902,1414761.769660,0.000013,2.8104,2.8077,2.8082,2.806209550375,2.807484098331
2025-09-06T06:12:50.906414Z,XRP-USD,441740.901000,155360,1434682.123745,0.000013,2.8173,2.8183,2.8185,2.8153655365,2.81682323725
2025-09-07T06:12:48.997065Z,XRP-USD,318586.796600,113344,1532168.618689,0.000013,2.8230,2.8223,2.8224,2.821610974875,2.822526396875
2025-09-08T06:16:08.755601Z,XRP-USD,1218291.142600,424538,1610376.516228,0.000013,2.8748,2.878,2.8781,2.876370897625,2.878099999999
2025-09-09T06:15:33.400607Z,XRP-USD,430029.044600,145382,1639894.937010,0.000013,2.9901,2.9902,2.9903,2.989792008375,2.990107099499
2025-09-10T06:15:15.837301Z,XRP-USD,365901.252200,122628,1574758.000747,0.000013,2.9479,2.948,2.9481,2.947483680124,2.947112505506
2025-09-04T11:25:31.179234Z,ZORA-USD,138817.453620,1841860,70525.030625,-0.000021,0.071557,0.07144,0.071507,0.071517696249,0.07150265652
2025-09-05T06:15:02.592138Z,ZORA-USD,614347.074010,8910690,82092.227034,0.000013,0.070653,0.071516,0.071583,0.071501434549,0.071502398461
2025-09-06T06:12:50.906414Z,ZORA-USD,1179258.802190,16478130,127321.921628,0.000047,0.069805,0.069371,0.069429,0.06934291965,0.069309380937
2025-09-07T06:12:48.997065Z,ZORA-USD,1301354.593200,17753000,142319.081945,0.000080,0.072974,0.0727,0.072736,0.072650993212,0.072635
2025-09-08T06:16:08.755601Z,ZORA-USD,1136753.063600,15475000,127659.349459,0.000064,0.075247,0.07528,0.075333,0.075318805288,0.075210499999
2025-09-09T06:15:33.400607Z,ZORA-USD,3259894.550200,41737200,135167.034359,0.000013,0.070846,0.071029,0.071075,0.071035859974,0.071081343139
2025-09-10T06:15:15.837301Z,ZORA-USD,549263.131748,7830948,80826.456563,-0.000053,0.067137,0.066659,0.06671,0.066838496099,0.066786827475
